datetime,open,high,low,close
2026-10-04 08:20:00,1.12571,1.12604,1.12567,1.12578
2026-10-04 08:25:00,1.12576,1.1258,1.12575,1.12577
2026-10-04 08:30:00,1.12576,1.12581,1.12574,1.12575
2026-10-04 08:35:00,1.12576,1.12579,1.12574,1.12576
2026-10-04 08:40:00,1.12576,1.12581,1.12574,1.12578
2026-10-04 08:45:00,1.12576,1.12602,1.12575,1.12577
2026-10-04 08:50:00,1.12575,1.1258,1.12573,1.12574
2026-10-04 08:55:00,1.12575,1.12579,1.12574,1.12575
2026-10-04 09:00:00,1.12575,1.1258,1.12573,1.12577
2026-10-04 09:05:00,1.12575,1.1258,1.12574,1.12577
2026-10-04 09:10:00,1.12575,1.126,1.12574,1.12578
2026-10-04 09:15:00,1.12579,1.12583,1.12577,1.12579
2026-10-04 09:20:00,1.12579,1.12584,1.12577,1.12581
2026-10-04 09:25:00,1.12579,1.12584,1.12578,1.1258
2026-10-04 09:30:00,1.12579,1.12584,1.12577,1.12578
2026-10-04 09:35:00,1.12579,1.12601,1.12576,1.12582
2026-10-04 09:40:00,1.12582,1.12587,1.1258,1.12584
2026-10-04 09:45:00,1.12582,1.12587,1.12581,1.12584
2026-10-04 09:50:00,1.12582,1.12587,1.1258,1.12581
2026-10-04 09:55:00,1.12582,1.12586,1.1258,1.12582
2026-10-04 10:00:00,1.12582,1.12599,1.12581,1.12587
2026-10-04 10:05:00,1.12584,1.12589,1.12583,1.12586
2026-10-04 10:10:00,1.12584,1.12589,1.12583,1.12583
2026-10-04 10:15:00,1.12584,1.12589,1.12582,1.12585
2026-10-04 10:20:00,1.12584,1.12589,1.12583,1.12587
2026-10-04 10:25:00,1.12584,1.12599,1.12583,1.12588
2026-10-04 10:30:00,1.12586,1.12591,1.12585,1.12585
2026-10-04 10:35:00,1.12586,1.12591,1.12584,1.12587
2026-10-04 10:40:00,1.12586,1.1259,1.12584,1.12589
2026-10-04 10:45:00,1.12586,1.12591,1.12585,1.12588
2026-10-04 10:50:00,1.12586,1.12597,1.12585,1.12587
2026-10-04 10:55:00,1.12588,1.12592,1.12586,1.12588
2026-10-04 11:00:00,1.12588,1.12592,1.12586,1.1259
2026-10-04 11:05:00,1.12588,1.12593,1.12586,1.12588
2026-10-04 11:10:00,1.12588,1.12592,1.12587,1.12587
2026-10-04 11:15:00,1.12588,1.12593,1.12586,1.12589
2026-10-04 11:20:00,1.12588,1.12592,1.12586,1.1259
2026-10-04 11:25:00,1.12588,1.12593,1.12586,1.12588
2026-10-04 11:30:00,1.12588,1.12592,1.12587,1.12587
2026-10-04 11:35:00,1.12588,1.12593,1.12586,1.12589
2026-10-04 11:40:00,1.12588,1.12591,1.12586,1.1259
2026-10-04 11:45:00,1.12588,1.12592,1.12586,1.12588
2026-10-04 11:50:00,1.12588,1.12592,1.12587,1.12587
2026-10-04 11:55:00,1.12588,1.12593,1.12586,1.12589
2026-10-04 12:00:00,1.12588,1.12591,1.12587,1.1259
2026-10-04 12:05:00,1.12588,1.12592,1.12586,1.12588
2026-10-04 12:10:00,1.12588,1.12592,1.12587,1.12587
2026-10-04 12:15:00,1.12588,1.12593,1.12586,1.12589
2026-10-04 12:20:00,1.12588,1.12591,1.12587,1.1259
2026-10-04 12:25:00,1.12588,1.12593,1.12586,1.12588
2026-10-04 12:30:00,1.12588,1.12592,1.12587,1.12587
2026-10-04 12:35:00,1.12588,1.12593,1.12586,1.12589
2026-10-04 12:40:00,1.12588,1.12591,1.12573,1.1258
2026-10-04 12:45:00,1.12578,1.12583,1.12576,1.12578
2026-10-04 12:50:00,1.12578,1.12582,1.12577,1.12577
2026-10-04 12:55:00,1.12578,1.12583,1.12576,1.1258
2026-10-04 13:00:00,1.12578,1.12582,1.12578,1.1258
2026-10-04 13:05:00,1.12578,1.12583,1.12576,1.12578
2026-10-04 13:10:00,1.12578,1.12582,1.12578,1.12578
2026-10-04 13:15:00,1.12578,1.12583,1.12576,1.1258
2026-10-04 13:20:00,1.12578,1.12582,1.12578,1.1258
2026-10-04 13:25:00,1.12578,1.12583,1.12576,1.12578
2026-10-04 13:30:00,1.12578,1.12581,1.12577,1.12578
2026-10-04 13:35:00,1.12578,1.12583,1.12576,1.1258
2026-10-04 13:40:00,1.12578,1.12582,1.12578,1.1258
2026-10-04 13:45:00,1.12578,1.12583,1.12576,1.12578
2026-10-04 13:50:00,1.12578,1.12581,1.12577,1.12578
2026-10-04 13:55:00,1.12578,1.12583,1.12576,1.1258
2026-10-04 14:00:00,1.12578,1.12582,1.12578,1.1258
2026-10-04 14:05:00,1.12578,1.12583,1.12576,1.12578
2026-10-04 14:10:00,1.12578,1.12582,1.12577,1.12578
2026-10-04 14:15:00,1.12578,1.12606,1.12516,1.12554
2026-10-04 14:20:00,1.12552,1.12556,1.12548,1.12551
2026-10-04 14:25:00,1.12549,1.12554,1.12548,1.12549
2026-10-04 14:30:00,1.12549,1.12553,1.12548,1.12549
2026-10-04 14:35:00,1.12549,1.12554,1.12548,1.12552
2026-10-04 14:40:00,1.12549,1.12554,1.12549,1.12551
2026-10-04 14:45:00,1.12549,1.12554,1.12548,1.12549
2026-10-04 14:50:00,1.12549,1.12553,1.12548,1.12549
2026-10-04 14:55:00,1.12549,1.12554,1.12548,1.12552
2026-10-04 15:00:00,1.12549,1.12554,1.12548,1.12551
2026-10-04 15:05:00,1.12549,1.12555,1.12525,1.12535
2026-10-04 15:10:00,1.12536,1.1254,1.12534,1.12535
2026-10-04 15:15:00,1.12535,1.1254,1.12533,1.12538
2026-10-04 15:20:00,1.12535,1.1254,1.12534,1.12537
2026-10-04 15:25:00,1.12535,1.1254,1.12534,1.12534
2026-10-04 15:30:00,1.12535,1.12539,1.12534,1.12535
2026-10-04 15:35:00,1.12535,1.1254,1.12533,1.12538
2026-10-04 15:40:00,1.12535,1.1254,1.12534,1.12537
2026-10-04 15:45:00,1.12535,1.1254,1.12534,1.12534
2026-10-04 15:50:00,1.12535,1.1254,1.12533,1.12535
2026-10-04 15:55:00,1.12535,1.1254,1.12533,1.12538
2026-10-04 16:00:00,1.12535,1.1254,1.12534,1.12538
2026-10-04 16:05:00,1.12536,1.12541,1.12535,1.12535
2026-10-04 16:10:00,1.12536,1.12541,1.12534,1.12537
2026-10-04 16:15:00,1.12536,1.12541,1.12534,1.12539
2026-10-04 16:20:00,1.12536,1.12541,1.12535,1.12538
2026-10-04 16:25:00,1.12536,1.12541,1.12535,1.12535
2026-10-04 16:30:00,1.12536,1.12541,1.12534,1.12537
2026-10-04 16:35:00,1.12536,1.1254,1.12534,1.12539
2026-10-04 16:40:00,1.12536,1.12541,1.12534,1.12538
2026-10-04 16:45:00,1.12536,1.12541,1.12535,1.12535
2026-10-04 16:50:00,1.12536,1.12541,1.12534,1.12537
2026-10-04 16:55:00,1.12536,1.1254,1.12535,1.12539
2026-10-04 17:00:00,1.12536,1.12541,1.12534,1.12535
2026-10-04 17:05:00,1.12535,1.12539,1.12534,1.12534
2026-10-04 17:10:00,1.12535,1.1254,1.12533,1.12536
2026-10-04 17:15:00,1.12535,1.12539,1.12533,1.12537
2026-10-04 17:20:00,1.12535,1.1254,1.12533,1.12535
2026-10-04 17:25:00,1.12535,1.12539,1.12534,1.12534
2026-10-04 17:30:00,1.12535,1.1254,1.12533,1.12536
2026-10-04 17:35:00,1.12535,1.12538,1.12533,1.12537
2026-10-04 17:40:00,1.12535,1.1254,1.12533,1.12536
2026-10-04 17:45:00,1.12536,1.1254,1.12535,1.12535
2026-10-04 17:50:00,1.12536,1.12541,1.12534,1.12537
2026-10-04 17:55:00,1.12536,1.12539,1.12535,1.12538
2026-10-04 18:00:00,1.12536,1.12551,1.12534,1.12535
2026-10-04 18:05:00,1.12535,1.12539,1.12534,1.12534
2026-10-04 18:10:00,1.12535,1.1254,1.12533,1.12536
2026-10-04 18:15:00,1.12535,1.12538,1.12534,1.12538
2026-10-04 18:20:00,1.12535,1.1254,1.12533,1.12535
2026-10-04 18:25:00,1.12535,1.12539,1.12534,1.12534
2026-10-04 18:30:00,1.12535,1.1254,1.12533,1.12537
2026-10-04 18:35:00,1.12535,1.12538,1.12534,1.12537
2026-10-04 18:40:00,1.12535,1.1254,1.12533,1.12535
2026-10-04 18:45:00,1.12535,1.12539,1.12534,1.12534
2026-10-04 18:50:00,1.12535,1.1254,1.12533,1.12537
2026-10-04 18:55:00,1.12535,1.12538,1.12534,1.12537
2026-10-04 19:00:00,1.12535,1.12539,1.12531,1.12532
2026-10-04 19:05:00,1.12532,1.12556,1.12531,1.12538
2026-10-04 19:10:00,1.12548,1.12572,1.12523,1.12543
2026-10-04 19:15:00,1.12541,1.12681,1.12471,1.12537
2026-10-04 19:20:00,1.12544,1.12668,1.1249,1.12569
2026-10-04 19:25:00,1.12567,1.12636,1.1243,1.12503
2026-10-04 19:30:00,1.12505,1.12653,1.1244,1.12586
2026-10-04 19:35:00,1.12524,1.12696,1.12524,1.12589
2026-10-04 19:40:00,1.12626,1.12719,1.12483,1.12576
2026-10-04 19:45:00,1.12602,1.12602,1.12485,1.12516
2026-10-04 19:50:00,1.12562,1.12638,1.12471,1.12573
2026-10-04 19:55:00,1.12564,1.12696,1.12563,1.12591
2026-10-04 20:00:00,1.12601,1.1261,1.12544,1.12549
2026-10-04 20:05:00,1.12552,1.12558,1.12532,1.12532
2026-10-04 20:10:00,1.12533,1.12623,1.12459,1.12466
2026-10-04 20:15:00,1.1247,1.12652,1.12394,1.12399
2026-10-04 20:20:00,1.12402,1.12658,1.12396,1.1257
2026-10-04 20:25:00,1.12526,1.1259,1.12463,1.12474
2026-10-04 20:30:00,1.12492,1.1262,1.12445,1.12594
2026-10-04 20:35:00,1.1258,1.126,1.12538,1.12557
2026-10-04 20:40:00,1.12558,1.12601,1.1251,1.12536
2026-10-04 20:45:00,1.12531,1.12641,1.12522,1.12634
2026-10-04 20:50:00,1.12622,1.12656,1.12566,1.12596
2026-10-04 20:55:00,1.12612,1.12662,1.12564,1.12633
2026-10-04 21:00:00,1.12633,1.12633,1.12514,1.12563
2026-10-04 21:05:00,1.12556,1.12572,1.12525,1.12555
2026-10-04 21:10:00,1.12552,1.12568,1.12528,1.12567
2026-10-04 21:15:00,1.12562,1.1257,1.12521,1.12539
2026-10-04 21:20:00,1.12556,1.12579,1.12526,1.12539
2026-10-04 21:25:00,1.12553,1.12581,1.12529,1.12539
2026-10-04 21:30:00,1.12559,1.12578,1.12525,1.12573
2026-10-04 21:35:00,1.12569,1.12573,1.12533,1.1256
2026-10-04 21:40:00,1.12558,1.12571,1.12526,1.12539
2026-10-04 21:45:00,1.1256,1.12595,1.12514,1.12538
2026-10-04 21:50:00,1.12566,1.12578,1.12519,1.12569
2026-10-04 21:55:00,1.12562,1.12608,1.12532,1.12594
2026-10-04 22:00:00,1.12588,1.12611,1.12521,1.12545
2026-10-04 22:05:00,1.12593,1.12623,1.12524,1.1256
2026-10-04 22:10:00,1.12577,1.12616,1.12559,1.12608
2026-10-04 22:15:00,1.12605,1.12616,1.126,1.12602
2026-10-04 22:20:00,1.12602,1.12618,1.12595,1.12598
2026-10-04 22:25:00,1.126,1.12619,1.12593,1.12613
2026-10-04 22:30:00,1.12601,1.12619,1.12601,1.12615
2026-10-04 22:35:00,1.12607,1.12616,1.12602,1.12609
2026-10-04 22:40:00,1.12609,1.12616,1.12601,1.12613
2026-10-04 22:45:00,1.12608,1.12619,1.12601,1.12612
2026-10-04 22:50:00,1.12608,1.12626,1.12567,1.12578
2026-10-04 22:55:00,1.12603,1.12603,1.12544,1.12575
2026-10-04 23:00:00,1.12549,1.12577,1.12538,1.12551
2026-10-04 23:05:00,1.12553,1.12592,1.12545,1.1259
2026-10-04 23:10:00,1.12588,1.12604,1.12583,1.12603
2026-10-04 23:15:00,1.12597,1.12603,1.12595,1.12602
2026-10-04 23:20:00,1.126,1.12602,1.12587,1.12589
2026-10-04 23:25:00,1.12592,1.12595,1.12586,1.12592
2026-10-04 23:30:00,1.12591,1.12601,1.12587,1.12599
2026-10-04 23:35:00,1.12596,1.12603,1.12576,1.1258
2026-10-04 23:40:00,1.12586,1.12592,1.12575,1.1259
2026-10-04 23:45:00,1.12587,1.126,1.12585,1.12597
2026-10-04 23:50:00,1.12589,1.12618,1.12586,1.12589
2026-10-04 23:55:00,1.1259,1.12604,1.1259,1.12603
2026-10-05 00:00:00,1.12601,1.12601,1.12575,1.12578
2026-10-05 00:05:00,1.12579,1.12583,1.12555,1.1257
2026-10-05 00:10:00,1.12568,1.12568,1.12553,1.12559
2026-10-05 00:15:00,1.12557,1.12559,1.1253,1.1255
2026-10-05 00:20:00,1.12547,1.12554,1.12543,1.12545
2026-10-05 00:25:00,1.12546,1.12562,1.12545,1.12559
2026-10-05 00:30:00,1.12557,1.12564,1.12535,1.12539
2026-10-05 00:35:00,1.12543,1.12551,1.1253,1.12532
2026-10-05 00:40:00,1.12535,1.12538,1.1252,1.12523
2026-10-05 00:45:00,1.12528,1.12533,1.12508,1.12522
2026-10-05 00:50:00,1.1252,1.12525,1.12514,1.12525
2026-10-05 00:55:00,1.12522,1.12547,1.1252,1.12545
