datetime;open;high;low;close
2026-09-30 07:50:00;1.13492;1.13504;1.13483;1.13485
2026-09-30 07:45:00;1.13512;1.13543;1.13478;1.13484
2026-09-30 07:40:00;1.13471;1.13533;1.13458;1.13527
2026-09-30 07:35:00;1.13511;1.13513;1.13464;1.13466
2026-09-30 07:30:00;1.13568;1.13568;1.135;1.13512
2026-09-30 07:25:00;1.13519;1.13572;1.13519;1.13571
2026-09-30 07:20:00;1.13504;1.13525;1.13501;1.13516
2026-09-30 07:15:00;1.13501;1.13524;1.135;1.13501
2026-09-30 07:10:00;1.13506;1.13507;1.13483;1.13505
2026-09-30 07:05:00;1.13471;1.13532;1.13471;1.13495
2026-09-30 07:00:00;1.1344;1.13487;1.13425;1.13482
2026-09-30 06:55:00;1.13396;1.13457;1.13396;1.1345
2026-09-30 06:50:00;1.13399;1.13406;1.13386;1.13399
2026-09-30 06:45:00;1.13373;1.13403;1.13373;1.13402
2026-09-30 06:40:00;1.13366;1.1338;1.13358;1.13378
2026-09-30 06:35:00;1.13376;1.1338;1.13356;1.13359
2026-09-30 06:30:00;1.13354;1.1338;1.13352;1.13379
2026-09-30 06:25:00;1.13349;1.13359;1.13343;1.13358
2026-09-30 06:20:00;1.13345;1.13354;1.13343;1.13346
2026-09-30 06:15:00;1.13338;1.13354;1.13331;1.1335
2026-09-30 06:10:00;1.1333;1.13345;1.13323;1.13332
2026-09-30 06:05:00;1.1332;1.13334;1.13316;1.13333
2026-09-30 06:00:00;1.13318;1.13328;1.13314;1.13316
2026-09-30 05:55:00;1.13298;1.13324;1.13298;1.13322
2026-09-30 05:50:00;1.1332;1.1332;1.13289;1.13305
2026-09-30 05:45:00;1.13303;1.1333;1.133;1.13327
2026-09-30 05:40:00;1.13301;1.13312;1.13295;1.13304
2026-09-30 05:35:00;1.13309;1.13313;1.13291;1.13305
2026-09-30 05:30:00;1.13311;1.13316;1.13308;1.13309
2026-09-30 05:25:00;1.13313;1.1332;1.13308;1.13314
2026-09-30 05:20:00;1.13317;1.13317;1.13308;1.13314
2026-09-30 05:15:00;1.13318;1.13324;1.13313;1.13315
2026-09-30 05:10:00;1.13317;1.13321;1.13311;1.13319
2026-09-30 05:05:00;1.13335;1.13339;1.13313;1.13315
2026-09-30 05:00:00;1.13324;1.13341;1.13323;1.13339
2026-09-30 04:55:00;1.1333;1.13345;1.13321;1.13322
2026-09-30 04:50:00;1.13331;1.13336;1.13326;1.13332
2026-09-30 04:45:00;1.13347;1.13352;1.13327;1.13329
2026-09-30 04:40:00;1.13351;1.13363;1.13345;1.13346
2026-09-30 04:35:00;1.13369;1.13369;1.13337;1.13349
2026-09-30 04:30:00;1.13399;1.13401;1.13358;1.13362
2026-09-30 04:25:00;1.13389;1.13404;1.13386;1.13401
2026-09-30 04:20:00;1.134;1.13401;1.13384;1.13388
2026-09-30 04:15:00;1.13387;1.13403;1.13385;1.13402
2026-09-30 04:10:00;1.13391;1.13397;1.13381;1.13389
2026-09-30 04:05:00;1.13399;1.13404;1.13386;1.13394
2026-09-30 04:00:00;1.13398;1.13407;1.1339;1.13403
2026-09-30 03:55:00;1.13399;1.13404;1.13392;1.13399
2026-09-30 03:50:00;1.13419;1.13423;1.13393;1.13398
2026-09-30 03:45:00;1.1338;1.13425;1.13377;1.13422
2026-09-30 03:40:00;1.13395;1.13403;1.13374;1.13376
2026-09-30 03:35:00;1.13391;1.13402;1.13375;1.13399
2026-09-30 03:30:00;1.13402;1.13402;1.13383;1.13392
2026-09-30 03:25:00;1.13387;1.13407;1.13373;1.13404
2026-09-30 03:20:00;1.13387;1.13399;1.13379;1.13382
2026-09-30 03:15:00;1.13364;1.13393;1.13364;1.13391
2026-09-30 03:10:00;1.13362;1.1337;1.13353;1.13369
2026-09-30 03:05:00;1.13357;1.13367;1.13355;1.13364
2026-09-30 03:00:00;1.13346;1.13359;1.13343;1.13357
2026-09-30 02:55:00;1.13353;1.13363;1.13343;1.13348
2026-09-30 02:50:00;1.13369;1.13369;1.1335;1.13352
2026-09-30 02:45:00;1.13414;1.13422;1.13356;1.13361
2026-09-30 02:40:00;1.13412;1.13416;1.13406;1.13415
2026-09-30 02:35:00;1.13412;1.13432;1.13404;1.13407
2026-09-30 02:30:00;1.13398;1.13421;1.13398;1.13419
2026-09-30 02:25:00;1.13396;1.13409;1.13381;1.13406
2026-09-30 02:20:00;1.13395;1.13401;1.13389;1.13393
2026-09-30 02:15:00;1.13364;1.13404;1.13361;1.13401
2026-09-30 02:10:00;1.13368;1.13371;1.13359;1.13363
2026-09-30 02:05:00;1.13376;1.13381;1.13361;1.13369
2026-09-30 02:00:00;1.13404;1.13406;1.1337;1.13372
2026-09-30 01:55:00;1.1338;1.13411;1.13365;1.13401
2026-09-30 01:50:00;1.1338;1.13383;1.13367;1.13382
2026-09-30 01:45:00;1.13389;1.13389;1.13377;1.13382
2026-09-30 01:40:00;1.13387;1.13394;1.13381;1.13385
2026-09-30 01:35:00;1.13386;1.13397;1.13385;1.13386
2026-09-30 01:30:00;1.13387;1.13395;1.13386;1.13392
2026-09-30 01:25:00;1.13377;1.13393;1.13377;1.13392
2026-09-30 01:20:00;1.13382;1.13385;1.13371;1.13375
2026-09-30 01:15:00;1.13407;1.13407;1.13375;1.13385
2026-09-30 01:10:00;1.13391;1.13415;1.13388;1.13412
2026-09-30 01:05:00;1.1339;1.13401;1.13383;1.13386
2026-09-30 01:00:00;1.13408;1.13409;1.13381;1.13386
2026-09-30 00:55:00;1.13393;1.13413;1.13392;1.13408
2026-09-30 00:50:00;1.13399;1.13399;1.13388;1.13397
2026-09-30 00:45:00;1.13403;1.13409;1.13394;1.134
2026-09-30 00:40:00;1.1339;1.13408;1.1339;1.134
2026-09-30 00:35:00;1.13392;1.13397;1.13387;1.13394
2026-09-30 00:30:00;1.13406;1.13409;1.13386;1.13394
2026-09-30 00:25:00;1.13401;1.1341;1.13398;1.13408
2026-09-30 00:20:00;1.13408;1.13408;1.13398;1.13399
2026-09-30 00:15:00;1.134;1.13414;1.134;1.13408
2026-09-30 00:10:00;1.13385;1.13405;1.13385;1.13403
2026-09-30 00:05:00;1.13379;1.13389;1.13377;1.13387
2026-09-30 00:00:00;1.13387;1.13387;1.1337;1.13382
2026-09-29 23:55:00;1.13388;1.13394;1.13383;1.13388
2026-09-29 23:50:00;1.13387;1.13393;1.13384;1.13391
2026-09-29 23:45:00;1.13389;1.13392;1.13383;1.13388
2026-09-29 23:40:00;1.13394;1.13394;1.13386;1.13387
2026-09-29 23:35:00;1.13398;1.13401;1.13385;1.13395
2026-09-29 23:30:00;1.13409;1.13409;1.13394;1.134
2026-09-29 23:25:00;1.13419;1.13424;1.13403;1.13405
2026-09-29 23:20:00;1.13412;1.13423;1.13411;1.13418
2026-09-29 23:15:00;1.13422;1.13425;1.13407;1.13414
2026-09-29 23:10:00;1.13418;1.13431;1.13418;1.13421
2026-09-29 23:05:00;1.1343;1.13434;1.13415;1.13416
2026-09-29 23:00:00;1.13437;1.13445;1.13413;1.13433
2026-09-29 22:55:00;1.13432;1.13442;1.13425;1.13441
2026-09-29 22:50:00;1.13436;1.13448;1.13422;1.13428
2026-09-29 22:45:00;1.13429;1.13443;1.1342;1.13433
2026-09-29 22:40:00;1.13427;1.13436;1.13413;1.13427
2026-09-29 22:35:00;1.1343;1.13434;1.13412;1.13418
2026-09-29 22:30:00;1.13425;1.13434;1.1341;1.13432
2026-09-29 22:25:00;1.13419;1.13431;1.13412;1.13417
2026-09-29 22:20:00;1.13404;1.13432;1.13398;1.13427
2026-09-29 22:15:00;1.13408;1.13419;1.13391;1.13407
2026-09-29 22:10:00;1.13404;1.13414;1.13392;1.13411
2026-09-29 22:05:00;1.13404;1.13461;1.1339;1.13395
2026-09-29 22:00:00;1.13431;1.13431;1.13389;1.13413
2026-09-29 21:55:00;1.13418;1.13433;1.13408;1.13432
2026-09-29 21:50:00;1.13408;1.13424;1.13407;1.13421
2026-09-29 21:45:00;1.13397;1.13411;1.13392;1.1341
2026-09-29 21:40:00;1.13389;1.13405;1.13386;1.13402
2026-09-29 21:35:00;1.13368;1.13392;1.13368;1.13392
2026-09-29 21:30:00;1.13357;1.13374;1.13347;1.13373
2026-09-29 21:25:00;1.1336;1.13364;1.13349;1.13354
2026-09-29 21:20:00;1.1335;1.13366;1.13346;1.13356
2026-09-29 21:15:00;1.1337;1.1337;1.13345;1.13352
2026-09-29 21:10:00;1.134;1.13417;1.13354;1.13372
2026-09-29 21:05:00;1.13384;1.13404;1.13384;1.13403
2026-09-29 21:00:00;1.13378;1.13394;1.13378;1.1338
2026-09-29 20:55:00;1.13374;1.13401;1.13371;1.13384
2026-09-29 20:50:00;1.13363;1.13385;1.13358;1.13383
2026-09-29 20:45:00;1.13398;1.13398;1.13359;1.13361
2026-09-29 20:40:00;1.13425;1.13429;1.1339;1.13393
2026-09-29 20:35:00;1.13413;1.13429;1.13398;1.13429
2026-09-29 20:30:00;1.13414;1.13419;1.13401;1.13406
2026-09-29 20:25:00;1.13411;1.13422;1.13403;1.13414
2026-09-29 20:20:00;1.13401;1.13418;1.13401;1.13415
2026-09-29 20:15:00;1.134;1.13409;1.13388;1.13407
2026-09-29 20:10:00;1.13423;1.1343;1.1339;1.13401
2026-09-29 20:05:00;1.13421;1.13426;1.1341;1.13425
2026-09-29 20:00:00;1.13403;1.13424;1.13403;1.13423
2026-09-29 19:55:00;1.13419;1.13421;1.13395;1.13407
2026-09-29 19:50:00;1.13384;1.13424;1.13376;1.13423
2026-09-29 19:45:00;1.13421;1.13421;1.13379;1.1338
2026-09-29 19:40:00;1.13388;1.13444;1.13388;1.13412
2026-09-29 19:35:00;1.13358;1.13414;1.13349;1.13407
2026-09-29 19:30:00;1.13382;1.13395;1.13344;1.13361
2026-09-29 19:25:00;1.13383;1.13393;1.13359;1.13388
2026-09-29 19:20:00;1.13376;1.13389;1.13356;1.13388
2026-09-29 19:15:00;1.1334;1.1338;1.1334;1.13378
2026-09-29 19:10:00;1.13308;1.13367;1.13286;1.13358
2026-09-29 19:05:00;1.13276;1.1332;1.13276;1.13306
2026-09-29 19:00:00;1.13152;1.13285;1.13097;1.13282
2026-09-29 18:55:00;1.1316;1.1316;1.13145;1.13157
2026-09-29 18:50:00;1.13179;1.13188;1.13147;1.13155
2026-09-29 18:45:00;1.13162;1.13193;1.13162;1.1318
2026-09-29 18:40:00;1.13159;1.13166;1.1315;1.13165
2026-09-29 18:35:00;1.13163;1.13166;1.1315;1.13154
2026-09-29 18:30:00;1.13152;1.13182;1.13152;1.13164
2026-09-29 18:25:00;1.13157;1.13165;1.13142;1.13144
2026-09-29 18:20:00;1.13165;1.13179;1.13146;1.13159
2026-09-29 18:15:00;1.13172;1.13175;1.13163;1.13173
2026-09-29 18:10:00;1.1316;1.13176;1.13146;1.13173
2026-09-29 18:05:00;1.13149;1.13171;1.13149;1.13159
2026-09-29 18:00:00;1.13138;1.13166;1.13138;1.1316
2026-09-29 17:55:00;1.132;1.132;1.13122;1.13129
2026-09-29 17:50:00;1.13199;1.13208;1.13189;1.13197
2026-09-29 17:45:00;1.13272;1.13272;1.1317;1.13202
2026-09-29 17:40:00;1.13292;1.13292;1.13267;1.13269
2026-09-29 17:35:00;1.13293;1.13311;1.13286;1.13289
2026-09-29 17:30:00;1.13302;1.13311;1.1329;1.13293
2026-09-29 17:25:00;1.13296;1.13327;1.13295;1.13297
2026-09-29 17:20:00;1.13294;1.13301;1.13283;1.133
2026-09-29 17:15:00;1.13301;1.13302;1.13288;1.13297
2026-09-29 17:10:00;1.13351;1.13353;1.1329;1.13294
2026-09-29 17:05:00;1.13353;1.13356;1.13338;1.1335
2026-09-29 17:00:00;1.13349;1.13361;1.13344;1.13354
2026-09-29 16:55:00;1.13329;1.13354;1.13321;1.13352
2026-09-29 16:50:00;1.13343;1.13343;1.13321;1.13324
2026-09-29 16:45:00;1.13318;1.13353;1.13316;1.13335
2026-09-29 16:40:00;1.13336;1.13342;1.13314;1.13322
2026-09-29 16:35:00;1.13327;1.13352;1.13327;1.13338
2026-09-29 16:30:00;1.13296;1.13345;1.13296;1.13338
2026-09-29 16:25:00;1.13325;1.13325;1.13275;1.13302
2026-09-29 16:20:00;1.13355;1.13358;1.13299;1.13308
2026-09-29 16:15:00;1.13347;1.13376;1.13341;1.13346
2026-09-29 16:10:00;1.13352;1.13375;1.13343;1.13344
2026-09-29 16:05:00;1.1339;1.1339;1.13347;1.13348
2026-09-29 16:00:00;1.13413;1.13413;1.13376;1.13381
2026-09-29 15:55:00;1.13402;1.1342;1.13394;1.13418
2026-09-29 15:50:00;1.13404;1.13414;1.13389;1.13399
2026-09-29 15:45:00;1.13436;1.13436;1.13393;1.13399
2026-09-29 15:40:00;1.13441;1.13447;1.13422;1.13427
2026-09-29 15:35:00;1.13447;1.13456;1.13433;1.13442
2026-09-29 15:30:00;1.1345;1.13459;1.13439;1.13443
2026-09-29 15:25:00;1.13427;1.13457;1.134;1.13455
2026-09-29 15:20:00;1.13407;1.13429;1.13398;1.13429
2026-09-29 15:15:00;1.1344;1.1344;1.13398;1.13402